0.03249603963258918;0.0;-0.995780486975705
0.03364143165928002;0.001;-0.9954781358356013
0.03383808901689775;0.002;-0.9954251751748806
0.03414767401242391;0.003;-0.9953411800302783
0.03463896536273198;0.004;-0.9952063223469227
0.03541548179410636;0.005;-0.9949892619747174
0.03663041232326625;0.006;-0.9946400467050083
0.037320725402291255;0.007;-0.9944364065957776
0.03738894898875414;0.008;-0.9944160755665301
0.037876623320105746;0.009;-0.9942696705066798
0.03797797474268372;0.01;-0.9942390069659488
0.03826835248142724;0.011;-0.9941507030761765
0.03836897477701229;0.012;-0.9941199478309739
0.03882419084280159;0.013;-0.9939798077238571
0.039032774235442325;0.014;-0.9939150456277817
0.03903615273155292;0.015;-0.9939139938156758
0.03907454195119653;0.016;-0.9939020359161754
0.03914255469795658;0.017;-0.9938808218700881
0.03914460324795258;0.018;-0.9938801823322907
0.0393446567812934;0.019;-0.9938175672877005
0.03937755184532765;0.02;-0.9938072410457768
0.03961348805539733;0.021;-0.9937329258714485
0.03972932552444863;0.022;-0.9936962779251621
0.04004891715223713;0.023;-0.9935946161286191
0.04081599616305576;0.024;-0.9933473070076781
0.040943031778418015;0.025;-0.9933059003978801
0.04109899281510779;0.026;-0.9932548909205545
0.04117781315749797;0.027;-0.9932290382293669
0.041269896464286415;0.028;-0.9931987730392515
0.041441461539879515;0.029;-0.9931422053444143
0.04150534438493021;0.03;-0.9931210826217736
0.041915391898325716;0.031;-0.992984732030884
0.04209491829958212;0.032;-0.9929246162724317
0.04234774109860007;0.033;-0.9928395240762102
0.042383840351911894;0.034;-0.9928273329303765
0.04265786810205248;0.035;-0.9927344542433016
0.042699902781478616;0.036;-0.9927201544858273
0.04308988331434538;0.037;-0.9925868206748225
0.04309697322303674;0.038;-0.992584385508287
0.04340197506835555;0.039;-0.9924792502091468
0.0438301331820804;0.04;-0.9923304210151562
0.044295969805683844;0.041;-0.9921668479739709
0.04444561081064963;0.042;-0.9921139391981408
0.0444625477257678;0.043;-0.9921079396375703
0.044803590960929174;0.044;-0.991986649404867
0.04489780003819511;0.045;-0.9919529823848829
0.0449009075837814;0.046;-0.9919518706619812
0.04497102256063712;0.047;-0.9919267667754164
0.0450195833644261;0.048;-0.9919093573471864
0.04514480437601334;0.049;-0.9918643786460621
0.04515638020693857;0.05;-0.9918602144139477
0.045347004434506566;0.051;-0.9917914879058805
0.0455538078686456;0.052;-0.9917166035300828
0.045622944819747116;0.053;-0.9916914933894065
0.04592180739833385;0.054;-0.9915825137980847
0.04615776476471223;0.055;-0.9914959740359321
0.046207011201779946;0.056;-0.9914778569372722
0.0464088346491513;0.057;-0.9914034087243435
0.046547446094132805;0.058;-0.9913520916987746
0.04669180609988624;0.059;-0.9912984851464102
0.04678030048899079;0.06;-0.9912655423446546
0.04701940680225358;0.061;-0.991176223733752
0.0471509268545377;0.062;-0.9911269017658033
0.04724090065387082;0.063;-0.9910930816023877
0.0473000128595823;0.064;-0.9910708271920639
0.04747741315445719;0.065;-0.9910038744065619
0.0475808595554672;0.066;-0.9909647179724672
0.04759599932323422;0.067;-0.9909589801974537
0.047951980684927176;0.068;-0.9908235466337654
0.04836756731613234;0.069;-0.9906641711982576
0.04836776517162969;0.07;-0.9906640949971581
0.04840208312812544;0.071;-0.9906508732753156
0.048725589737481756;0.072;-0.9905257789556332
0.049117384891594035;0.073;-0.9903731735696715
0.04916578115107306;0.074;-0.9903542390900331
0.04936721279174516;0.075;-0.9902752328992275
0.049447805603819894;0.076;-0.9902435329226644
0.04954657238233584;0.077;-0.990204614664864
0.04956755369956334;0.078;-0.9901963372422806
0.04962543041094225;0.079;-0.990173486083564
0.0496454178299629;0.08;-0.9901655884219829
0.04965132070757183;0.081;-0.9901632554059872
0.04969613063232842;0.082;-0.9901455360590834
0.049752405661752874;0.083;-0.9901232606069328
0.049779373906523705;0.084;-0.990112576868271
0.04992410775772055;0.085;-0.9900551411818863
0.049977075922056136;0.086;-0.9900340802121526
0.05003325989425861;0.087;-0.9900117164226714
0.050034485619033675;0.088;-0.9900112282509079
0.050041424797813094;0.089;-0.9900084643475895
0.05029745629587941;0.09;-0.9899062206814642
0.05033098824030602;0.091;-0.9898927917753586
0.050333423940181476;0.092;-0.9898918159787513
0.050524767100745105;0.093;-0.9898150135068502
0.05055373654634909;0.094;-0.9898033604352348
0.05063493543277581;0.095;-0.9897706626334504
0.050703648708452675;0.096;-0.9897429520621468
0.05084255905453372;0.097;-0.9896868189466204
0.05089368545129658;0.098;-0.9896661207099902
0.05096478975277363;0.099;-0.9896373003036156
0.050992271143772916;0.1;-0.989626150718383
0.05109261126248599;0.101;-0.989585390822036
0.05122864388124504;0.102;-0.9895300054022627
0.0512577005969152;0.103;-0.9895181561288033
0.051556770617743775;0.104;-0.9893958095933428
0.05163344874221387;0.105;-0.9893643279223845
0.051663626782976646;0.106;-0.9893519250568572
0.051707175950624296;0.107;-0.9893340141569569
0.05179173910659263;0.108;-0.9892991923837122
0.051846604483475556;0.109;-0.9892765695781667
0.051877561860284804;0.11;-0.9892637943732541
0.05192479033718478;0.111;-0.9892442900278298
0.052064955840139315;0.112;-0.9891863013183826
0.05209284286400018;0.113;-0.989174745567919
0.052426989262697954;0.114;-0.9890358068608178
0.05242740360794773;0.115;-0.9890356340298458
0.05250271436716175;0.116;-0.9890041980997526
0.05258774760053697;0.117;-0.9889686502112731
0.05268862370599581;0.118;-0.9889264054815801
0.052762499208654334;0.119;-0.9888954172363857
0.05290562551730932;0.12;-0.9888352584806326
0.05302097258565597;0.121;-0.9887866586130658
0.05315952041267866;0.122;-0.988728145088206
0.05349393198039565;0.123;-0.9885862896021322
0.053507153861380274;0.124;-0.9885806628828255
0.05356041536264311;0.125;-0.9885579829336213
0.05356153166338454;0.126;-0.9885575073489223
0.053726507567383175;0.127;-0.988487113892744
0.05373170232814023;0.128;-0.9884848938686557
0.05387274627000993;0.129;-0.9884245364908384
0.05389895326980515;0.13;-0.9884133044177819
0.053899377073788;0.131;-0.9884131227350279
0.05389964070435194;0.132;-0.9884130097171453
0.0539294653106841;0.133;-0.9884002204423323
0.05397472318511887;0.134;-0.9883807997756946
0.0541133196177338;0.135;-0.9883212263251631
0.05413908974106729;0.136;-0.9883101328043837
0.05418920220181944;0.137;-0.9882885454516219
0.05423034518713396;0.138;-0.9882708071980237
0.0543233060683635;0.139;-0.9882306793549109
0.05460242156146228;0.14;-0.9881097872396727
0.05461744665301277;0.141;-0.9881032621208987
0.05470103674971427;0.142;-0.988066928105938
0.0547385064096062;0.143;-0.9880506233899544
0.05483611222842466;0.144;-0.9880080989633069
0.054910837487040065;0.145;-0.9879754924419342
0.05494922607317096;0.146;-0.9879587244462571
0.05494970191361427;0.147;-0.987958516528231
0.05512203142672906;0.148;-0.9878831003462878
0.05527443431242085;0.149;-0.9878162102392787
0.055326890730938716;0.15;-0.9877931447501085
0.05532874855691691;0.151;-0.9877923274535356
0.055432237918776106;0.152;-0.9877467575035892
0.05544264294060508;0.153;-0.9877421711587004
0.055469489629180274;0.154;-0.9877303336984167
0.05557543696839673;0.155;-0.9876835632937928
0.05559528934028024;0.156;-0.9876747896675668
0.05561180516534181;0.157;-0.987667488248162
0.055653347580144175;0.158;-0.9876491134478231
0.055801567466333524;0.159;-0.9875834432626076
0.05603224310447186;0.16;-0.987480897193733
0.056085729887156155;0.161;-0.9874570601679082
0.05623447048875552;0.162;-0.9873906540797392
0.05642802872460689;0.163;-0.9873039788893043
0.056476555359772695;0.164;-0.9872822026103136
0.05650275403726618;0.165;-0.9872704382982067
0.056523611675173835;0.166;-0.9872610684871972
0.056540848081519324;0.167;-0.9872533228543012
0.0565831204528246;0.168;-0.9872343167812725
0.05658987461503928;0.169;-0.9872312787444164
0.05661199658427962;0.17;-0.9872213257281881
0.05664333743016575;0.171;-0.9872072184226537
0.056663087792291233;0.172;-0.9871983243273117
0.05669581815294983;0.173;-0.9871835782660701
0.05677460732054218;0.174;-0.9871480467860352
0.05689406569696409;0.175;-0.9870940818432912
0.057028724693787725;0.176;-0.9870331158362589
0.057052949986298285;0.177;-0.9870221328910236
0.05714565501251523;0.178;-0.986980060985519
0.05719583236384451;0.179;-0.9869572611043678
0.05728370450659481;0.18;-0.9869172856661674
0.057287349131583565;0.181;-0.9869156263186196
0.05738164069190177;0.182;-0.9868726604561169
0.05738225622357468;0.183;-0.9868723797475347
0.05746868938433303;0.184;-0.9868329330520818
0.05748725023451129;0.185;-0.9868244545388969
0.057581844105003;0.186;-0.9867812025128309
0.057584817486383666;0.187;-0.9867798418288101
0.05761057172691397;0.188;-0.986768053227068
0.05768111409793508;0.189;-0.9867357369238805
0.057681429152173336;0.19;-0.9867355925062444
0.057689913890805494;0.191;-0.9867317028962292
0.057825473728903065;0.192;-0.9866694824246758
0.05789294018769653;0.193;-0.9866384623661137
0.05794029381303545;0.194;-0.9866166685707667
0.05795821670424106;0.195;-0.9866084152430177
0.057966812318249406;0.196;-0.9866044561477527
0.057976472140127605;0.197;-0.9866000061926232
0.05800660236517313;0.198;-0.9865861215117324
0.05805531683988313;0.199;-0.9865636577383614
0.05815706136928378;0.2;-0.9865166801408156
0.058163983460483126;0.201;-0.9865134811169991
0.05825662636730167;0.202;-0.9864706303232156
0.05825916862432329;0.203;-0.9864694534863254
0.05829533107094137;0.204;-0.9864527080331018
0.058321053302002546;0.205;-0.9864407908083357
0.05832127716585389;0.206;-0.9864406870684492
0.058336563779480044;0.207;-0.9864336022284559
0.05833848071129932;0.208;-0.9864327136647031
0.05834055757348677;0.209;-0.9864317509352256
0.058364020970889496;0.21;-0.986420872128885
0.05839040489714292;0.211;-0.986408634065318
0.05840085879371204;0.212;-0.9864037835641208
0.05847662347059546;0.213;-0.986368603930944
0.058532365930951014;0.214;-0.9863426924421259
0.058550132626884493;0.215;-0.9863344286017317
0.05860244665518888;0.216;-0.9863100813625685
0.05865423738656805;0.217;-0.9862859565439057
0.05866444389872383;0.218;-0.9862811997342054
0.0589660589483853;0.219;-0.9861402616769872
0.05898054972455111;0.22;-0.9861334725133759
0.059016379084378345;0.221;-0.9861166788152382
0.059080669624987286;0.222;-0.9860865197706725
0.05914986044892012;0.223;-0.9860540258028834
0.05918831549849499;0.224;-0.9860359500113518
0.059447727585778265;0.225;-0.9859137107838165
0.0595035476490291;0.226;-0.9858873385502893
0.05955666045245378;0.227;-0.985862222709655
0.05956358650671234;0.228;-0.9858589459074576
0.05958713914844088;0.229;-0.9858478000498103
0.059754368358004406;0.23;-0.9857685369696645
0.05979565467725123;0.231;-0.9857489344315034
0.059854401712303384;0.232;-0.9857210186274323
0.05994012483962463;0.233;-0.9856802356667627
0.059941608194948925;0.234;-0.9856795294509477
0.05994293963586095;0.235;-0.9856788955459259
0.05996506130900353;0.236;-0.9856683612867907
0.05999020638082114;0.237;-0.9856563826442177
0.06002312241281607;0.238;-0.985640694580888
0.06003306714877177;0.239;-0.9856359531660568
0.06015231968434687;0.24;-0.985579036076222
0.060209939352594666;0.241;-0.985551495358985
0.06032020373277791;0.242;-0.9854987193808065
0.06034341979744581;0.243;-0.9854875953198958
0.06042089770752565;0.244;-0.9854504409723754
0.06061767232629628;0.245;-0.9853558670139537
0.06062544892907018;0.246;-0.985352123193834
0.060660073387250435;0.247;-0.9853354485077979
0.06067598284921727;0.248;-0.985327783573754
0.060790088381861396;0.249;-0.985272751245873
0.060998193510835685;0.25;-0.9851721212492452
0.06116800116742671;0.251;-0.9850897591383376
0.061192841288775446;0.252;-0.9850776919804225
0.06135192285666996;0.253;-0.9850002968455966
0.06138015809468372;0.254;-0.9849865393742292
0.06143188634519736;0.255;-0.9849613188822408
0.061476678685235486;0.256;-0.9849394631403854
0.061549609959754115;0.257;-0.9849038438641089
0.06163280112710101;0.258;-0.9848631629281097
0.06180645312236599;0.259;-0.9847780717914323
0.06187097169514311;0.26;-0.9847463970069219
0.06193847904189276;0.261;-0.9847132200748072
0.06203723355569091;0.262;-0.9846646223419404
0.06209924177906667;0.263;-0.9846340687355564
0.062221643392545434;0.264;-0.9845736689960485
0.062227563785281326;0.265;-0.9845707445773513
0.062328808174041184;0.266;-0.9845206918189484
0.06234865618183605;0.267;-0.9845108700562857
0.062426376303868714;0.268;-0.9844723807191607
0.06262530323032034;0.269;-0.98437365112482
0.06266054698292733;0.27;-0.984356127025805
0.0626610156123606;0.271;-0.984355893945837
0.06266598633870457;0.272;-0.9843534215739558
0.06276647064859509;0.273;-0.9843034006476663
0.06279417748229732;0.274;-0.9842895943571299
0.06283979650426008;0.275;-0.984266849373479
0.06301393339147097;0.276;-0.9841798777809052
0.06303938214113491;0.277;-0.984167147723374
0.06310179443404274;0.278;-0.984135906225585
0.06316076118662234;0.279;-0.9841063614996939
0.06321110048076045;0.28;-0.9840811179928382
0.0632344887043434;0.281;-0.9840693828317193
0.06341982070603487;0.282;-0.9839762405131658
0.06348950050331459;0.283;-0.9839411521570702
0.0635333957989826;0.284;-0.9839190285289459
0.063551268890087;0.285;-0.9839100160187588
0.0636163510981056;0.286;-0.9838771772252173
0.06379102329652453;0.287;-0.9837888786971156
0.0638107535142235;0.288;-0.983778889905512
0.06381569624561323;0.289;-0.9837763870793603
0.06392323908653497;0.29;-0.9837218839368678
0.06392967812138683;0.291;-0.9837186177438957
0.06397800090997623;0.292;-0.9836940957382814
0.06410223450818764;0.293;-0.98363096818355
0.06429589293873585;0.294;-0.9835323231614173
0.06432188079100476;0.295;-0.9835190632933368
0.06432593119414026;0.296;-0.9835169961680346
0.06438290204397645;0.297;-0.9834879075031373
0.06448248139266399;0.298;-0.9834370026098358
0.06461882842633893;0.299;-0.9833671766194054
0.06464209950050859;0.3;-0.983355244557151
0.06466263637358938;0.301;-0.9833447109261195
0.06467270273289105;0.302;-0.9833395465571084
0.06470970825967559;0.303;-0.9833205547269168
0.06473716147398328;0.304;-0.9833064583949651
0.06475235178669592;0.305;-0.9832986561374462
0.06477936085560837;0.306;-0.9832847789225208
0.06489532215696026;0.307;-0.9832251335411981
0.06490771480272961;0.308;-0.9832187531074374
0.06494053842727049;0.309;-0.9832018478646236
0.0649435766502594;0.31;-0.9832002826552935
0.06503828476784257;0.311;-0.9831514555270928
0.06511206514178253;0.312;-0.9831133693045742
0.06512239505212136;0.313;-0.9831080335060813
0.06516769848755999;0.314;-0.9830846227015679
0.06532015297058036;0.315;-0.9830057234501128
0.0656196505702844;0.316;-0.9828501978222752
0.06562053707621346;0.317;-0.9828497364321054
0.06562277473521139;0.318;-0.9828485717946398
0.06584434113193605;0.319;-0.9827330595762378
0.06590980892161558;0.32;-0.9826988551366063
0.06591772382137018;0.321;-0.9826947176381853
0.06593978455299421;0.322;-0.9826831828570599
0.06596421638409156;0.323;-0.9826704038854532
0.06597015804100526;0.324;-0.9826672954223834
0.06609669977488475;0.325;-0.9826010279803943
0.06617447545229771;0.326;-0.9825602364621779
0.0661762671980014;0.327;-0.9825592961781946
0.06619793063694279;0.328;-0.9825479255181204
0.06620122249852456;0.329;-0.9825461973727443
0.06623620323065382;0.33;-0.9825278281438827
0.06623895403278668;0.331;-0.9825263832267999
0.0662737422355848;0.332;-0.9825081048993589
0.06628132240586992;0.333;-0.9825041208948746
0.06642213011645492;0.334;-0.9824300334463347
0.06667024247285663;0.335;-0.982299110706994
0.06680186296468027;0.336;-0.9822294632004527
0.06687877029325864;0.337;-0.9821887049364466
0.06698625843975597;0.338;-0.9821316627119716
0.06705587563890375;0.339;-0.9820946699871143
0.0670579671542535;0.34;-0.9820935580277146
0.06710347871740868;0.341;-0.9820693532568245
0.06714236005157592;0.342;-0.9820486619192184
0.06718713239046348;0.343;-0.9820248210078817
0.06719446269758356;0.344;-0.9820209161914757
0.06725591139997888;0.345;-0.9819881663371759
0.06727638757080828;0.346;-0.9819772467765375
0.06731534533771533;0.347;-0.9819564623128549
0.06731670003723475;0.348;-0.9819557393508942
0.06747587130378996;0.349;-0.9818706950413201
0.06749208450617045;0.35;-0.9818620213525373
0.06757235539718542;0.351;-0.9818190481413052
0.06760938971523933;0.352;-0.9817992048265904
0.06778640290184777;0.353;-0.9817042121715815
0.06780886922071117;0.354;-0.9816921383717738
0.06782336348805729;0.355;-0.981684346810203
0.06785024684264673;0.356;-0.9816698910234554
0.06788548250979654;0.357;-0.9816509354944492
0.06795479696045356;0.358;-0.9816136186067863
0.06801948962074988;0.359;-0.9815787562331495
0.0680313799470571;0.36;-0.9815723450862819
0.06809223282704135;0.361;-0.9815395165942036
0.06810145349612956;0.362;-0.9815345397780355
0.06814231709507139;0.363;-0.9815124758672809
0.0681453742168473;0.364;-0.9815108246812758
0.06829897649187977;0.365;-0.981427768769539
0.0683023459930264;0.366;-0.981425944753918
0.06833933614297127;0.367;-0.9814059150311853
0.06849328340037752;0.368;-0.9813224401326288
0.06850400126098033;0.369;-0.9813166217191593
0.06850433037494241;0.37;-0.9813164430386656
0.06853825061419616;0.371;-0.9812980227574217
0.06855733606338749;0.372;-0.981287654529736
0.06860860570468208;0.373;-0.9812597881183931
0.06862264015994402;0.374;-0.9812521564559824
0.0687211055183069;0.375;-0.9811985698528376
0.06872346871611723;0.376;-0.9811972828321252
0.06890007037475843;0.377;-0.9811009809746121
0.06898246476266434;0.378;-0.9810559679116044
0.06899607075189042;0.379;-0.9810485297162665
0.06902772302764759;0.38;-0.9810312203122833
0.06905348338583195;0.381;-0.981017127221778
0.06905488677837571;0.382;-0.9810163592994297
0.06917218212954779;0.383;-0.980952122349017
0.06917660461296038;0.384;-0.9809496982783474
0.06919468566594458;0.385;-0.9809397860324705
0.06925222123612607;0.386;-0.98090822744985
0.06928146694543291;0.387;-0.98089217615223
0.06929793167272469;0.388;-0.9808831366804027
0.06949463128509581;0.389;-0.980774981657462
0.06956240491854837;0.39;-0.9807376467754683
0.06957497502409997;0.391;-0.9807307182799934
0.06960116560224267;0.392;-0.9807162783953374
0.07004379512025383;0.393;-0.9804714334946485
0.07009039890972318;0.394;-0.9804455655994004
0.0701092655089853;0.395;-0.9804350887100841
0.0701280802902512;0.396;-0.980424637843119
0.07016300037489537;0.397;-0.9804052338310072
0.07018347865376418;0.398;-0.9803938502792262
0.07042586361237546;0.399;-0.9802588649388684
0.07046520887463892;0.4;-0.9802369103416473
0.07049499609766291;0.401;-0.9802202811222565
0.07049957099928572;0.402;-0.9802177264960814
0.07056562922594911;0.403;-0.9801808214550021
0.07067372171522246;0.404;-0.9801203598813124
0.0707179300471551;0.405;-0.9800956058026469
0.0709095911617581;0.406;-0.9799881113554632
0.070975979629893;0.407;-0.9799508104506409
0.07103667053830987;0.408;-0.9799166808408064
0.071103578390879;0.409;-0.9798790220004092
0.07112868052980453;0.41;-0.9798648843924136
0.07114748410933572;0.411;-0.9798542909510424
0.07116947678052699;0.412;-0.9798418973786536
0.07127971394086569;0.413;-0.9797797186711559
0.0715028630804489;0.414;-0.9796535639633683
0.07151391299445786;0.415;-0.9796473069888314
0.07151557342088843;0.416;-0.9796463666964159
0.07164735408569378;0.417;-0.979571671670177
0.07166780939280082;0.418;-0.9795600652550376
0.07169348586278501;0.419;-0.9795454917399948
0.07176084862731491;0.42;-0.9795072335109691
0.07178193663166021;0.421;-0.9794952494882021
0.07179356948803206;0.422;-0.9794886372200724
0.07183197310428024;0.423;-0.9794668006503302
0.0719669134008449;0.424;-0.9793899819466456
0.07220159676946308;0.425;-0.9792560453085479
0.0722620459456137;0.426;-0.9792214770794856
0.07232470829954196;0.427;-0.9791856133318639
0.07240594094565916;0.428;-0.9791390758879444
0.07246657412591023;0.429;-0.9791043063561922
0.07251247289421103;0.43;-0.9790779671876351
0.07263150198323937;0.431;-0.9790095858615284
0.07263999466287008;0.432;-0.9790047026840378
0.07265077930385067;0.433;-0.9789985008538491
0.07278110416546013;0.434;-0.978923484814531
0.07280237046279883;0.435;-0.9789112312733186
0.07283227146562599;0.436;-0.978893996528235
0.0728890779404765;0.437;-0.9788612345622105
0.07296802859335849;0.438;-0.9788156598793649
0.07297816213772979;0.439;-0.978809806740476
0.07307609262939962;0.44;-0.9787532010638611
0.07308940010536968;0.441;-0.9787455033577381
0.07311225803236426;0.442;-0.9787322779940173
0.07313845302065153;0.443;-0.978717116864251
0.07318316194451213;0.444;-0.9786912279660607
0.07326173104436606;0.445;-0.9786456946756019
0.07346971468024563;0.446;-0.9785249307730195
0.07348894319967425;0.447;-0.978513748983374
0.0736206693616488;0.448;-0.9784370704597445
0.07368653790516233;0.449;-0.9783986776338818
0.07370914754401081;0.45;-0.978385491400507
0.07375742220312964;0.451;-0.978357323750467
0.07387616993620072;0.452;-0.9782879591911458
0.07392918134137472;0.453;-0.9782569582003156
0.073960035863194;0.454;-0.9782389045076001
0.07396217173560671;0.455;-0.9782376544866751
0.07399204187863043;0.456;-0.9782201692634713
0.07401706743635933;0.457;-0.9782055146211579
0.07402817407989049;0.458;-0.978199009161681
0.07403842547846548;0.459;-0.9781930037948858
0.07406561197821426;0.46;-0.9781770737462225
0.07414138610622167;0.461;-0.9781326433751101
0.07415200809831603;0.462;-0.978126411589546
0.07424788084181361;0.463;-0.9780701247855754
0.07426212638765306;0.464;-0.978061755168776
0.0742720679496155;0.465;-0.9780559133205569
0.07434761349039032;0.466;-0.9780114963592812
0.07437024587078739;0.467;-0.9779981810669722
0.07441974647680094;0.468;-0.9779690445977729
0.07448495049850662;0.469;-0.9779306360355631
0.0745576743801618;0.47;-0.9778877590852808
0.07458224170794453;0.471;-0.977873265298709
0.07464712174669375;0.472;-0.9778349661043848
0.07467538999681289;0.473;-0.977818268951457
0.07468375643322467;0.474;-0.9778133259791799
0.07471676948379358;0.475;-0.977793816263705
0.07473543516602388;0.476;-0.9777827816790003
0.07477464967787034;0.477;-0.9777595904725433
0.07480053213883686;0.478;-0.9777442772384846
0.07489347575250421;0.479;-0.9776892448882912
0.0749305567797598;0.48;-0.9776672703947957
0.07495300061156596;0.481;-0.9776539648470233
0.07499505953279018;0.482;-0.9776290202471516
0.0749980677948211;0.483;-0.9776272355618432
0.07503233031696799;0.484;-0.9776069039978084
0.07508355481748138;0.485;-0.977576490175144
0.07509983277479065;0.486;-0.9775668211202517
0.0751041371515041;0.487;-0.9775642639916702
0.07512490386222379;0.488;-0.9775519249663791
0.07513176056264603;0.489;-0.9775478501657686
0.07514824537099901;0.49;-0.9775380520847408
0.0752420224715371;0.491;-0.9774822737873627
0.07528693729184255;0.492;-0.9774555345272788
0.07537388312920362;0.493;-0.9774037285159893
0.0753980723311225;0.494;-0.9773893051751066
0.07543415845250889;0.495;-0.9773677796292843
0.0755347910697729;0.496;-0.9773076986155127
0.07554200963513547;0.497;-0.9773033858837041
0.07555164413791748;0.498;-0.9772976291226512
0.07566457114155811;0.499;-0.9772301000487011
0.0756652252108222;0.5;-0.9772297086356028
0.07566628239795792;0.501;-0.9772290759786548
0.0757690188940936;0.502;-0.9771675537438207
0.07577378131496448;0.503;-0.9771646998603389
0.075864418392804;0.504;-0.9771103521327666
0.07597327793430031;0.505;-0.9770449939702157
0.07597782641475437;0.506;-0.9770422611161422
0.07600518476301749;0.507;-0.9770258200846518
0.07619581631682604;0.508;-0.976911099320029
0.07628180942441554;0.509;-0.9768592573847634
0.07634480554872725;0.51;-0.9768212432005938
0.07637808853237227;0.511;-0.9768011466470554
0.07638142198871412;0.512;-0.9767991334059525
0.07639037036626373;0.513;-0.9767937286085719
0.0764092038495735;0.514;-0.9767823512120033
0.07641057210294286;0.515;-0.9767815245369256
0.07642398364687042;0.516;-0.9767734207481216
0.07646002720395939;0.517;-0.9767516349132468
0.07648656650687868;0.518;-0.9767355873291521
0.07649558014527413;0.519;-0.9767301357934615
0.07649709715401329;0.52;-0.9767292182302232
0.07654752069062914;0.521;-0.9766987094257091
0.07661019853561707;0.522;-0.9766607587728253
0.07667179611971864;0.523;-0.9766234326519456
0.07668133234129149;0.524;-0.9766176513949769
0.07674429161993346;0.525;-0.9765794652241084
0.07676994366264578;0.526;-0.9765638979284943
0.07690916200950243;0.527;-0.976479322762349
0.07697148969909651;0.528;-0.9764414101988237
0.07704081469614454;0.529;-0.976399206104779
0.07705026441605423;0.53;-0.976393450374067
0.07719830484894408;0.531;-0.976303190447604
0.07731072227998342;0.532;-0.9762345368123235
0.07742210814135259;0.533;-0.9761664169858582
0.07768779449266072;0.534;-0.9760035457533922
0.0777700494003506;0.535;-0.9759530114106982
0.07778050941991632;0.536;-0.9759465814254826
0.07782970188814708;0.537;-0.9759163305061853
0.07785223666284236;0.538;-0.9759024665086105
0.07787856626560785;0.539;-0.9758862628700204
0.07792513930906264;0.54;-0.9758575880178351
0.0780207798611916;0.541;-0.9757986500379006
0.07803762480883158;0.542;-0.9757882621233938
0.0780628391924984;0.543;-0.9757727088703378
0.07808215206319113;0.544;-0.975760792594198
0.07824232392089159;0.545;-0.975661853785083
0.07826231545457285;0.546;-0.9756494910495006
0.07827419540078545;0.547;-0.9756421430484687
0.078314388613833;0.548;-0.9756172746185916
0.07851470033677696;0.549;-0.975493151650108
0.07852763442845162;0.55;-0.9754851264232085
0.07855264097740489;0.551;-0.9754696069323758
0.0788133302683649;0.552;-0.9753075317387345
0.07883374319526881;0.553;-0.975294818549509
0.07898298798889558;0.554;-0.9752017712175538
0.0789854728984864;0.555;-0.9752002205372501
0.07899413310938994;0.556;-0.9751948158567958
0.07901415499953482;0.557;-0.975182318346568
0.07911377649338758;0.558;-0.975120089466778
0.07913493530794757;0.559;-0.9751068627040294
0.07913824030503275;0.56;-0.975104796378395
0.0792103889075082;0.561;-0.9750596672018699
0.07921556242168193;0.562;-0.9750564296120412
0.07926978486979985;0.563;-0.9750224847529865
0.07929397797810822;0.564;-0.9750073318449666
0.07944470028156914;0.565;-0.9749128281912116
0.07948579355702678;0.566;-0.9748870321487995
0.07953318066489445;0.567;-0.9748572690509316
0.07960954070847592;0.568;-0.974809272129872
0.0797260104330905;0.569;-0.9747359773863713
0.07976148061932953;0.57;-0.9747136351484504
0.079895669267524;0.571;-0.9746290237318402
0.07989677162734167;0.572;-0.974628328075031
0.08008622403694643;0.573;-0.9745086330351587
0.08030790167172741;0.574;-0.9743682275971672
0.08031272855443944;0.575;-0.9743651661562376
0.08051058914065723;0.576;-0.9742395192021527
0.08059718533573812;0.577;-0.97418443347504
0.08060382634735333;0.578;-0.9741802066014804
0.08077003070982336;0.579;-0.9740743103130012
0.08102271408029976;0.58;-0.973912907372849
0.08103177830270752;0.581;-0.9739071084280768
0.08103207590349704;0.582;-0.9739069180236997
0.0811577404971302;0.583;-0.9738264572273534
0.08129638658486449;0.584;-0.9737375437597398
0.08138846453417559;0.585;-0.9736784127023825
0.08142042797304172;0.586;-0.9736578710324553
0.08149780419024;0.587;-0.9736081118112248
0.08155438660641645;0.588;-0.9735716955766773
0.08164476651444963;0.589;-0.9735134763685971
0.08204040801147444;0.59;-0.9732578809003618
0.082222191222735;0.591;-0.9731400407371389
0.08227283489632631;0.592;-0.9731071660022605
0.08235501791687483;0.593;-0.9730537759671061
0.08242108636644263;0.594;-0.9730108171280654
0.0824843536452794;0.595;-0.9729696482464507
0.08264894708406026;0.596;-0.9728624010923776
0.08275032081398534;0.597;-0.9727962436786788
0.08289774408638984;0.598;-0.9726998931645561
0.08292791682719913;0.599;-0.9726801527920914
0.08294206475411536;0.6;-0.9726708941721764
0.08296881610664386;0.601;-0.9726533834797986
0.08313882302387299;0.602;-0.9725419733420533
0.08333523086681527;0.603;-0.972412985900007
0.08334440042715291;0.604;-0.9724069567202995
0.0834542467250794;0.605;-0.9723346803202977
0.08346457306545113;0.606;-0.9723278810610669
0.08361949287494486;0.607;-0.9722257777425491
0.0836335249082284;0.608;-0.9722165205312654
0.08372139884027063;0.609;-0.9721585140187461
0.08383525567460509;0.61;-0.9720832678634839
0.08389089770612368;0.611;-0.9720464587840825
0.08392808832164722;0.612;-0.9720218427045633
0.08395129151697572;0.613;-0.9720064793810015
0.0843884965129344;0.614;-0.9717162253485934
0.0845461631890474;0.615;-0.9716111933784761
0.08454868223410927;0.616;-0.9716095137339025
0.08465353242649232;0.617;-0.9715395587806275
0.0847721043445201;0.618;-0.9714603473716581
0.08477552082096682;0.619;-0.9714580634146088
0.08490169133581982;0.62;-0.9713736542432769
0.08493094512165661;0.621;-0.971354065795843
0.08495531455224303;0.622;-0.9713377429279044
0.0850014274504226;0.623;-0.9713068436418772
0.08503428298179727;0.624;-0.9712848179056073
0.08506909139382546;0.625;-0.9712614739772711
0.0850936049436204;0.626;-0.9712450286325018
0.08509514848332544;0.627;-0.9712439929678458
0.08513815369738026;0.628;-0.9712151305415786
0.08527090618956346;0.629;-0.971125946005309
0.0853032211821958;0.63;-0.9711042160318524
0.0854363007048039;0.631;-0.9710146434670734
0.0855409066164513;0.632;-0.9709441406408108
0.08554668669288423;0.633;-0.9709402425138431
0.08556850563639418;0.634;-0.9709255253502029
0.08559650428020149;0.635;-0.9709066345604906
0.08588182283455514;0.636;-0.9707137870433031
0.08590783365410115;0.637;-0.9706961752874079
0.08598058076246229;0.638;-0.9706468912158581
0.08606174669881772;0.639;-0.970591855850218
0.08609758158742664;0.64;-0.9705675416147481
0.08610793398096839;0.641;-0.9705605156110033
0.08611326884441262;0.642;-0.970556894604552
0.08613117558898298;0.643;-0.9705447389178983
0.08615229493453891;0.644;-0.9705303992602514
0.0862103703121524;0.645;-0.9704909495306535
0.0862394151890849;0.646;-0.9704712101071851
0.0862820118123947;0.647;-0.9704422490031888
0.08631560463943588;0.648;-0.9704193997223174
0.08645041034475676;0.649;-0.9703276203370017
0.0864843773684923;0.65;-0.9703044727486831
0.08648790989355348;0.651;-0.9703020649240488
0.08648873461198997;0.652;-0.9703015027692561
0.08651431952103056;0.653;-0.970284060683825
0.08654454372525483;0.654;-0.9702634493883207
0.08659920700590917;0.655;-0.9702261542089843
0.08662134742529243;0.656;-0.9702110419399199
0.08670912586587137;0.657;-0.970151090596312
0.08685132738555601;0.658;-0.9700538441312025
0.0868895604437595;0.659;-0.9700276715665448
0.08689942894312885;0.66;-0.9700209142392817
0.08693349991284038;0.661;-0.9699975788633253
0.0871458444833777;0.662;-0.9698519430994992
0.08719374266716173;0.663;-0.9698190446815633
0.08725750596577087;0.664;-0.9697752222617584
0.08729172358618403;0.665;-0.9697516928097696
0.08736592289456291;0.666;-0.9697006395695646
0.08741987462442619;0.667;-0.9696634913810496
0.08756185068153877;0.668;-0.9695656282634393
0.08757822525628045;0.669;-0.9695543314808588
0.08770488334834997;0.67;-0.9694668811759695
0.08778646333583905;0.671;-0.9694104899156262
0.08786147650474041;0.672;-0.9693585930542805
0.08787613364735375;0.673;-0.9693484476885141
0.08789487955992831;0.674;-0.9693354697720864
0.08790014043174998;0.675;-0.9693318271544527
0.08793396041717261;0.676;-0.9693084052160859
0.08798274168611137;0.677;-0.9692746065024596
0.08813900785319329;0.678;-0.9691662132433276
0.08819016237092303;0.679;-0.9691306896726835
0.08823255751233028;0.68;-0.9691012338002944
0.08828567180897245;0.681;-0.9690643109716062
0.08846000091981532;0.682;-0.9689429734221002
0.08862748525352471;0.683;-0.9688261816318693
0.08876021503899945;0.684;-0.9687334732411745
0.08912704415030992;0.685;-0.9684765536517772
0.08919662713610865;0.686;-0.9684277033883295
0.08936808455933354;0.687;-0.9683071753474568
0.0895562439970255;0.688;-0.9681746485653429
0.08968428562036967;0.689;-0.9680843104445565
0.08995690635478987;0.69;-0.9678915503026266
0.08997328017820982;0.691;-0.9678799549486832
0.09004314940588043;0.692;-0.9678304531224173
0.0901307538274807;0.693;-0.9677683335108227
0.09015000256374317;0.694;-0.9677546765504412
0.09021833636286225;0.695;-0.9677061709965216
0.0902380152150073;0.696;-0.9676921957127078
0.09034597875267802;0.697;-0.9676154710385994
0.09041733974003563;0.698;-0.9675647093830089
0.09043634885761054;0.699;-0.9675511809699584
0.09044599674312037;0.7;-0.9675443137082536
0.09054049324621183;0.701;-0.9674770146502236
0.09060121063796572;0.702;-0.967433736723998
0.09063751914269447;0.703;-0.967407843470345
0.09064793635482093;0.704;-0.9674004126280578
0.09076093107955924;0.705;-0.9673197577698491
0.09091557732885192;0.706;-0.9672092148546205
0.09105296599087742;0.707;-0.9671108552213366
0.09105898131867812;0.708;-0.9671065454315062
0.09109060506415084;0.709;-0.9670838835025992
0.09122380187736145;0.71;-0.9669883496805698
0.0912771122531012;0.711;-0.9669500756371143
0.0914647484929425;0.712;-0.9668151907772087
0.09160533787181502;0.713;-0.9667139507459634
0.09163381061952569;0.714;-0.966693428892927
0.09182212676216595;0.715;-0.96655754406142
0.09186971373145075;0.716;-0.9665231636736857
0.09200577063670834;0.717;-0.9664247710332945
0.09246430389586652;0.718;-0.9660921364783377
0.0925138872981317;0.719;-0.9660560714124098
0.09255671465110882;0.72;-0.9660249054083117
0.09259682360871072;0.721;-0.9659957049830377
0.09266864537112285;0.722;-0.9659433862378033
0.09295907505081413;0.723;-0.9657314225744729
0.09335950182749064;0.724;-0.9654381300158736
0.09365949266811058;0.725;-0.9652176045642751
0.0936777161338781;0.726;-0.9652041863667877
0.09389296545798731;0.727;-0.9650455046483624
0.09389934473461536;0.728;-0.9650407964871308
0.0940886345785043;0.729;-0.9649009525940424
0.09422465116443285;0.73;-0.9648002982864115
0.09429610556672874;0.731;-0.964747364772371
0.09430654747369666;0.732;-0.9647396261532435
0.09431719577141473;0.733;-0.9647317337244539
0.09448357247076022;0.734;-0.9646083051040166
0.09451369896403261;0.735;-0.9645859329595308
0.09468146676816303;0.736;-0.9644612216337005
0.09480512816832132;0.737;-0.9643691605822795
0.09493287205053391;0.738;-0.9642739386464887
0.09495713280313714;0.739;-0.9642558404031039
0.09497210986163651;0.74;-0.9642446654637209
0.09504330406393802;0.741;-0.9641915215954089
0.09509815215966766;0.742;-0.9641505533213428
0.09512862641057551;0.743;-0.9641277810188533
0.09520044038938424;0.744;-0.9640740892260617
0.09543875232276566;0.745;-0.9638956352980843
0.09579247364365095;0.746;-0.9636299674050173
0.09583762722450717;0.747;-0.9635959859621996
0.09590223407258136;0.748;-0.9635473376570871
0.09604713533424214;0.749;-0.9634381136390839
0.09619063655867088;0.75;-0.9633297884232177
0.09625497240081643;0.751;-0.9632811724626669
0.09639643140386506;0.752;-0.9631741676199557
0.09654196220500533;0.753;-0.9630639248261859
0.09669593168261248;0.754;-0.9629471152500255
0.09674832285102575;0.755;-0.9629073276161619
0.09682092955444122;0.756;-0.9628521533227958
0.09684802646002744;0.757;-0.9628315520043689
0.09686007022604415;0.758;-0.9628223935518865
0.09700791736285055;0.759;-0.9627098767000297
0.09704031004441216;0.76;-0.9626852026775938
0.09755796029388819;0.761;-0.9622898248599894
0.09775410006380814;0.762;-0.9621394860066552
0.09793724747407262;0.763;-0.9619988434625131
0.09800110155245956;0.764;-0.9619497491260716
0.09812582096552164;0.765;-0.961853769616972
0.09812820108183107;0.766;-0.9618519368250065
0.0982052766633899;0.767;-0.9617925622080188
0.09827020527809682;0.768;-0.9617425101385288
0.09829383670883929;0.769;-0.9617242852839387
0.09843241867351704;0.77;-0.961617324355607
0.09845062953547334;0.771;-0.9616032580012499
0.09848459303492996;0.772;-0.9615770173810776
0.09851564584769568;0.773;-0.9615530179801548
0.09864424046047146;0.774;-0.9614535552514227
0.09876169889483938;0.775;-0.9613625969424584
0.0988304527116326;0.776;-0.9613093066028806
0.09889550714707013;0.777;-0.9612588508020967
0.0989887643935482;0.778;-0.961186465438133
0.09911235433219612;0.779;-0.9610904351360718
0.09930251219654063;0.78;-0.960942456257539
0.09945320725846113;0.781;-0.9608249934184303
0.09946697310539476;0.782;-0.96081425477503
0.09949014172976056;0.783;-0.9607961778660186
0.0996352886399553;0.784;-0.9606828375503338
0.09990464576509772;0.785;-0.9604720852642359
0.10002029707482651;0.786;-0.9603814289302255
0.10007761716083839;0.787;-0.9603364597480635
0.10011615943237445;0.788;-0.960306208371529
0.10014806366446671;0.789;-0.9602811586557656
0.10052457550600219;0.79;-0.9599849604998443
0.10054464418847564;0.791;-0.9599691427232919
0.10093468077552581;0.792;-0.9596611212909536
0.10094640724062248;0.793;-0.9596518428994023
0.10122441857938852;0.794;-0.9594315677520284
0.10127799969751511;0.795;-0.9593890473492181
0.10155372503120175;0.796;-0.9591698986292769
0.10165627180891723;0.797;-0.9590882478878835
0.101665385802998;0.798;-0.9590809872366781
0.10179033063846457;0.799;-0.9589813871877966
0.10217652740563155;0.8;-0.9586727883147284
0.10218627776560263;0.801;-0.9586649825847278
0.1022554085611044;0.802;-0.9586096188950535
0.10228164515272531;0.803;-0.9585885978182311
0.10255627144256951;0.804;-0.9583682538093063
0.10262981274745228;0.805;-0.9583091525087841
0.10266022623520898;0.806;-0.9582846989179046
0.1026813518728873;0.807;-0.9582677090240865
0.10310277174902904;0.808;-0.957928090573015
0.1031209354824178;0.809;-0.957913422643492
0.10322479158306563;0.81;-0.9578295072442498
0.10346556406315555;0.811;-0.957634652801876
0.10346962576276397;0.812;-0.9576313619871997
0.1035802050468227;0.813;-0.9575417224470273
0.1042248238903486;0.814;-0.9570173475434121
0.10423839091502929;0.815;-0.957006277801673
0.10438197363908958;0.816;-0.9568890398845433
0.10450821172815178;0.817;-0.9567858366779536
0.10470839369143975;0.818;-0.9566219377175911
0.10503790479202618;0.819;-0.9563514975142111
0.10509383036912578;0.82;-0.9563055169919201
0.10525639306630818;0.821;-0.956171729442556
0.10526456103207918;0.822;-0.9561650020702075
0.10532731636615711;0.823;-0.956113298324976
0.10537978830034211;0.824;-0.9560700444070096
0.10551247160545196;0.825;-0.9559605784275098
0.105607291378361;0.826;-0.9558822698743661
0.10592465928076195;0.827;-0.9556196772486127
0.10592711176215552;0.828;-0.9556176451162672
0.10597571521244956;0.829;-0.9555773629033264
0.10601668889839405;0.83;-0.9555433904775021
0.10636399983561995;0.831;-0.9552549216408515
0.10651301563080195;0.832;-0.9551308762350517
0.10656871629953465;0.833;-0.9550844666908866
0.10659899162167136;0.834;-0.9550592317142841
0.10665278444636433;0.835;-0.955014377635647
0.1066714749183465;0.836;-0.9549987879005817
0.10672027175892695;0.837;-0.9549580741334709
0.10692567133981545;0.838;-0.9547865036443812
0.1069965437178193;0.839;-0.9547272308182353
0.1071947629523764;0.84;-0.9545612547948747
0.10729714843887461;0.841;-0.9544754089930707
0.10742406834208629;0.842;-0.9543688836203319
0.10743904344893196;0.843;-0.9543563069137564
0.10780818015833027;0.844;-0.9540457622803904
0.10790967147679065;0.845;-0.9539602023941092
0.10820481599284792;0.846;-0.9537109515671602
0.1082685182061417;0.847;-0.9536570696244207
0.10874816322146441;0.848;-0.9532503958401068
0.10969728535698986;0.849;-0.9524406234231206
0.10974174406580606;0.85;-0.9524025278673978
0.10980782787732457;0.851;-0.9523458751515053
0.10984692789255046;0.852;-0.952312339977655
0.10991742902988638;0.853;-0.9522518440771235
0.10991949356508807;0.854;-0.9522500719757243
0.11008029685209736;0.855;-0.9521119485731178
0.11025883254689145;0.856;-0.9519583686951556
0.11087345110802549;0.857;-0.9514278516470216
0.11095952620317928;0.858;-0.9513533307932556
0.11097506337947421;0.859;-0.9513398733827569
0.11148341128422634;0.86;-0.950898583677803
0.11175337836946803;0.861;-0.9506634498565163
0.11177704612567485;0.862;-0.9506428101377877
0.11183306472192334;0.863;-0.950593941980217
0.11225819212397492;0.864;-0.9502223216160877
0.11248619228003642;0.865;-0.9500224662295034
0.11311838475763425;0.866;-0.9494662996338994
0.11333192658730379;0.867;-0.9492777695727328
0.11344359738683368;0.868;-0.9491790442568191
0.11367054588481583;0.869;-0.9489781207092616
0.11402024244083175;0.87;-0.9486677796800431
0.11403984575861326;0.871;-0.9486503558058563
0.11411907238027574;0.872;-0.9485799084572115
0.11433439492726394;0.873;-0.9483882119875557
0.11499050715669601;0.874;-0.947801980022829
0.1152550075064262;0.875;-0.9475647521145303
0.11536812499460891;0.876;-0.947463140537536
0.11564747033424072;0.877;-0.9472118049735625
0.11593336401174115;0.878;-0.9469539820067343
0.11609856775155872;0.879;-0.946804724334215
0.11641392390842242;0.88;-0.9465192492907339
0.11641854309432675;0.881;-0.9465150623461536
0.11676240094915913;0.882;-0.9462029399384979
0.11678340529501186;0.883;-0.9461838459250855
0.11678787258191098;0.884;-0.9461797845164541
0.11688458909167748;0.885;-0.9460918192369137
0.11692418309786712;0.886;-0.9460557879685638
0.11704290847099152;0.887;-0.9459476765570398
0.11715917380744023;0.888;-0.9458417047516134
0.11743761262790747;0.889;-0.945587513278008
0.1174880381575576;0.89;-0.9455414179904713
0.11749323238725229;0.891;-0.9455366687479798
0.11751974250049635;0.892;-0.9455124266538355
0.11767177683773256;0.893;-0.945373299526298
0.1176767986715217;0.894;-0.9453687011305834
0.11785950162730094;0.895;-0.9452012775392697
0.11796408463715802;0.896;-0.9451053303610375
0.11814358371068173;0.897;-0.9449404659112075
0.11877456359006527;0.898;-0.9443590522591867
0.11879862888655623;0.899;-0.9443368195376027
0.11890850093831334;0.9;-0.9442352602615693
0.11921806964020537;0.901;-0.9439486368242072
0.11929421591715261;0.902;-0.9438780268062394
0.11951183114692504;0.903;-0.9436759990487935
0.11988297485488253;0.904;-0.9433306389920362
0.11997660677749966;0.905;-0.9432433523164854
0.1199919096485153;0.906;-0.9432290803842229
0.12002739645792904;0.907;-0.9431959776835059
0.1206054676280332;0.908;-0.9426554444024127
0.12061991047079323;0.909;-0.9426419081033437
0.12069905571246459;0.91;-0.9425677035218427
0.12133368141491363;0.911;-0.941971037615245
0.12136988722869918;0.912;-0.9419369086278069
0.12181814057825124;0.913;-0.9415135742824887
0.12195983167144842;0.914;-0.9413794546244907
0.12212818803354974;0.915;-0.9412199039755369
0.12214857308348348;0.916;-0.9412005710979385
0.12276823461813335;0.917;-0.9406114458640591
0.12314544385109172;0.918;-0.9402514534908484
0.12326862920874937;0.919;-0.9401336659305359
0.12333946005135055;0.92;-0.9400658887048627
0.1233722573165078;0.921;-0.9400344929905338
0.12340023510040787;0.922;-0.9400077046070303
0.12342959053804403;0.923;-0.9399795910045776
0.12347529698872695;0.924;-0.9399358055926086
0.12363995755095814;0.925;-0.9397779395098627
0.12368479796666776;0.926;-0.9397349151503485
0.12370138688008014;0.927;-0.9397189943835924
0.1237937597462957;0.928;-0.9396303053358659
0.12476508193142921;0.929;-0.9386939587453207
0.12516144202795598;0.93;-0.9383098992505987
0.1252690724473291;0.931;-0.9382054118844916
0.1252928062806719;0.932;-0.9381823598054464
0.12582692921022642;0.933;-0.9376624973548207
0.12592134786870912;0.934;-0.9375703840977438
0.12610676688585426;0.935;-0.9373893041110215
0.12611187075453456;0.936;-0.9373843161505677
0.12613214538172068;0.937;-0.9373645000907853
0.12613714479737714;0.938;-0.9373596132924573
0.12614087567723514;0.939;-0.9373559663365914
0.1266853814716304;0.94;-0.9368226261416024
0.1274473685373877;0.941;-0.9360726559804908
0.12768200061577295;0.942;-0.9358408772966023
0.12857479404930744;0.943;-0.9349552995947765
0.12859251773701527;0.944;-0.9349376608040731
0.1287510360394598;0.945;-0.9347798008530035
0.12878379124876985;0.946;-0.9347471590436274
0.128793375512535;0.947;-0.9347376064949315
0.12909389458631781;0.948;-0.9344377452372683
0.12909658890411357;0.949;-0.9344350538666828
0.1296071033003716;0.95;-0.9339241520902959
0.12992297202416736;0.951;-0.9336071018041372
0.13017259095729528;0.952;-0.9333560400850569
0.13024870692130192;0.953;-0.9332793947940248
0.13031202169277056;0.954;-0.933215607899818
0.1305380256187435;0.955;-0.9329876830963708
0.13103835396908087;0.956;-0.9324817933436127
0.1321643972139207;0.957;-0.9313366438328186
0.13285526531169745;0.958;-0.9306295424322664
0.13288311842535783;0.959;-0.9306009629886793
0.13341183794463618;0.96;-0.9300574002803017
0.1336218581855193;0.961;-0.9298409276051782
0.1336390608639067;0.962;-0.9298231823994327
0.13399806336383435;0.963;-0.9294523739557046
0.13452720369536508;0.964;-0.9289041495384349
0.13541006002007594;0.965;-0.9279849918553487
0.13556655764268166;0.966;-0.9278214779130256
0.13592205539670466;0.967;-0.9274493918737172
0.13649767145991176;0.968;-0.9268450031708997
0.13740530860889516;0.969;-0.9258871965517099
0.1384956907328867;0.97;-0.9247287868327005
0.1388949503591771;0.971;-0.9243025032176857
0.13953527469485372;0.972;-0.923616474493137
0.13985879101772725;0.973;-0.9232687601512071
0.14003755376158178;0.974;-0.9230763081274551
0.14069605641769012;0.975;-0.9223654250565521
0.14252162171784777;0.976;-0.9203786021988032
0.14373112711706393;0.977;-0.919049299224532
0.1441136745822844;0.978;-0.9186267162209856
0.14436558932270382;0.979;-0.9183478749176197
0.14455326304856997;0.98;-0.9181398510484329
0.14513408324670551;0.981;-0.9174944815598083
0.1451749419284627;0.982;-0.9174489928252854
0.14562807907638553;0.983;-0.9169437208988631
0.14960536001911118;0.984;-0.9124471513717016
0.15238688856710236;0.985;-0.9092369372602613
0.15323465888636378;0.986;-0.9082478388994393
0.15650801039352646;0.987;-0.9043822274356863
0.15722127214376813;0.988;-0.9035301267245117
0.15801713568417775;0.989;-0.9025752253223389
0.15997012273845468;0.99;-0.9002135986998347
0.16326386424505346;0.991;-0.8961717815717078
0.16337504057740304;0.992;-0.8960340694538365
0.16373950147845756;0.993;-0.8955820312374829
0.16490533081089165;0.994;-0.8941300266849499
0.16588045151091535;0.995;-0.8929084944891632
0.16724449939324013;0.996;-0.8911890068186579
0.1675555876415517;0.997;-0.8907951042017452
0.2017620776460749;0.998;-0.8436205133786383
0.2206000150013967;0.999;-0.8145154226835976
